symbol,name,date,isShariah,logo,close,change,changePercent,last_updated
786,786 Investments Limited,2025-11-18T00:00:00.000Z,False,https://sarmaaya-images.s3.amazonaws.com/company_logos/786.svg,13.08,-0.05,-0.38,2025-11-18 23:32:28.155278
AABS,Al-Abbas Sugar Mills Limited,2025-11-18T00:00:00.000Z,True,https://sarmaaya-images.s3.amazonaws.com/company_logos/al-abbas-sugar-mills.svg,1028.07,15.44,1.53,2025-11-18 23:32:28.155278
AATM,Ali Asghar Textile Mills Limited,2025-11-18T00:00:00.000Z,False,https://sarmaaya-images.s3.amazonaws.com/company_logos/AATM.svg,42.84,0.31,0.73,2025-11-18 23:32:28.155278
ABL,Allied Bank Limited,2025-11-18T00:00:00.000Z,False,https://sarmaaya-images.s3.amazonaws.com/company_logos/abl-islamic-cash-fund.svg,173.46,-1.21,-0.69,2025-11-18 23:32:28.155278
ABOT,Abbott Laboratories (Pakistan) Limited,2025-11-18T00:00:00.000Z,True,https://sarmaaya-images.s3.amazonaws.com/company_logos/abbott.svg,1070.48,-10.39,-0.96,2025-11-18 23:32:28.155278
ACIETF,Alfalah Consumer Index (ETF),2025-11-18T00:00:00.000Z,False,https://sarmaaya-images.s3.amazonaws.com/company_logos/ACIETF.svg,17.8,-0.11,-0.61,2025-11-18 23:32:28.155278
ACPL,Attock Cement Pakistan Limited,2025-11-18T00:00:00.000Z,False,https://sarmaaya-images.s3.amazonaws.com/company_logos/attock-cement-pakistan.svg,285.6,-0.78,-0.27,2025-11-18 23:32:28.155278
ADAMS,Adam Sugar Mills Limited,2025-11-18T00:00:00.000Z,True,https://sarmaaya-images.s3.amazonaws.com/company_logos/adam-sugar-mills.svg,69.01,0.0,0.0,2025-11-18 23:32:28.155278
ADMM,Artistic Denim Mills Limited,2025-11-18T00:00:00.000Z,False,https://sarmaaya-images.s3.amazonaws.com/company_logos/artistic-denim-mills.svg,51.22,1.22,2.44,2025-11-18 23:32:28.155278
AGHA,Agha Steel Ind.Ltd,2025-11-18T00:00:00.000Z,False,https://sarmaaya-images.s3.amazonaws.com/company_logos/agha-steel-industries.svg,8.75,0.38,4.54,2025-11-18 23:32:28.155278
AGIC,Askari General Insurance Company Limited,2025-11-18T00:00:00.000Z,False,https://sarmaaya-images.s3.amazonaws.com/company_logos/AGIC.svg,39.0,-0.17,-0.43,2025-11-18 23:32:28.155278
AGICR2,Askari General Insurance Co.Ltd.(Right),2025-11-18T00:00:00.000Z,False,,6.51,-0.34,-4.96,2025-11-18 23:32:28.155278
AGIL,Agriauto Industries Limited,2025-11-18T00:00:00.000Z,True,https://sarmaaya-images.s3.amazonaws.com/company_logos/agriauto-industries.svg,143.13,-2.37,-1.63,2025-11-18 23:32:28.155278
AGL,Agritech Limited,2025-11-18T00:00:00.000Z,False,https://sarmaaya-images.s3.amazonaws.com/company_logos/agritech.svg,68.35,-0.98,-1.41,2025-11-18 23:32:28.155278
AGLNCPS,Agritech Non-Voting (Pref) Class A,2025-11-17T00:00:00.000Z,False,https://sarmaaya-images.s3.amazonaws.com/company_logos/AGLNCPS.svg,31.88,-3.54,-9.99,2025-11-18 23:32:28.155278
AGP,AGP Limited,2025-11-18T00:00:00.000Z,True,https://sarmaaya-images.s3.amazonaws.com/company_logos/agp.svg,183.77,2.61,1.44,2025-11-18 23:32:28.155278
AGSML,Abdullah Shah Ghazi Sugar Mills Limited,2025-11-18T00:00:00.000Z,True,https://sarmaaya-images.s3.amazonaws.com/company_logos/AGSML.svg,9.32,0.05,0.54,2025-11-18 23:32:28.155278
AGTL,Al-Ghazi Tractors Limited,2025-11-18T00:00:00.000Z,True,https://sarmaaya-images.s3.amazonaws.com/company_logos/al-ghazi-tractors.svg,396.7,-2.24,-0.56,2025-11-18 23:32:28.155278
AHCL,Arif Habib Corporation Limited,2025-11-18T00:00:00.000Z,False,https://sarmaaya-images.s3.amazonaws.com/company_logos/arif-habib-oration.svg,15.21,-0.03,-0.2,2025-11-18 23:32:28.155278
AHL,Arif Habib Limited,2025-11-18T00:00:00.000Z,False,https://sarmaaya-images.s3.amazonaws.com/company_logos/arif-habib.svg,100.12,-0.07,-0.07,2025-11-18 23:32:28.155278
AHTM,Ahmad Hassan Textile Mills Limited,2025-11-18T00:00:00.000Z,True,https://sarmaaya-images.s3.amazonaws.com/company_logos/ahmed-hassan-textile-mills.svg,95.03,0.0,0.0,2025-11-18 23:32:28.155278
AICL,Adamjee Insurance Company Limited,2025-11-18T00:00:00.000Z,False,https://sarmaaya-images.s3.amazonaws.com/company_logos/adamjee-insurance-co.svg,78.66,-1.51,-1.88,2025-11-18 23:32:28.155278
AIRLINK,Air Link Communication Limited,2025-11-18T00:00:00.000Z,False,https://sarmaaya-images.s3.amazonaws.com/company_logos/air-link-communication.svg,172.68,1.08,0.63,2025-11-18 23:32:28.155278
AKBL,Askari Bank Limited,2025-11-18T00:00:00.000Z,False,https://sarmaaya-images.s3.amazonaws.com/company_logos/askari-bank.svg,95.31,-0.95,-0.99,2025-11-18 23:32:28.155278
AKDHL,AKD Hospitality Limited,2025-11-18T00:00:00.000Z,False,https://sarmaaya-images.s3.amazonaws.com/company_logos/akd-hospitality.svg,170.16,5.34,3.24,2025-11-18 23:32:28.155278
AKDSL,AKD Securities Limited,2025-11-18T00:00:00.000Z,False,https://sarmaaya-images.s3.amazonaws.com/company_logos/akd-securities.svg,35.57,0.34,0.97,2025-11-18 23:32:28.155278
AKGL,Al-Khair Gadoon Limited,2025-11-18T00:00:00.000Z,True,https://sarmaaya-images.s3.amazonaws.com/company_logos/AKGL.svg,60.64,0.0,0.0,2025-11-18 23:32:28.155278
ALAC,Askari Life Assurance Company Limited,2025-11-18T00:00:00.000Z,False,https://sarmaaya-images.s3.amazonaws.com/company_logos/ALAC.svg,11.73,-0.23,-1.92,2025-11-18 23:32:28.155278
ALIFE,Adamjee Life Assurance Company Limited,2025-11-18T00:00:00.000Z,False,https://sarmaaya-images.s3.amazonaws.com/company_logos/ALIFE.svg,34.49,0.0,0.0,2025-11-18 23:32:28.155278
ALNRS,Al-Noor Sugar Mills Limited,2025-11-18T00:00:00.000Z,True,https://sarmaaya-images.s3.amazonaws.com/company_logos/shahmurad-sugar-mills.svg,102.25,-0.5,-0.49,2025-11-18 23:32:28.155278
ALTN,Altern Energy Limited,2025-11-18T00:00:00.000Z,False,https://sarmaaya-images.s3.amazonaws.com/company_logos/altern-energy.svg,11.16,-0.07,-0.62,2025-11-18 23:32:28.155278
AMBL,Apna Microfinance Bank Limited,2025-11-18T00:00:00.000Z,False,https://sarmaaya-images.s3.amazonaws.com/company_logos/apna-microfinance-bank.svg,9.9,-0.62,-5.89,2025-11-18 23:32:28.155278
AMTEX,Amtex Limited,2025-11-18T00:00:00.000Z,False,https://sarmaaya-images.s3.amazonaws.com/company_logos/AMTEX.svg,5.24,-0.03,-0.57,2025-11-18 23:32:28.155278
ANL,Azgard Nine Limited,2025-11-18T00:00:00.000Z,True,https://sarmaaya-images.s3.amazonaws.com/company_logos/azgard-nine.svg,11.77,-0.11,-0.93,2025-11-18 23:32:28.155278
ANSM,Ansari Sugar Mills Limited,2025-11-18T00:00:00.000Z,False,,15.92,-0.44,-2.69,2025-11-18 23:32:28.155278
ANTM,AN Textile Mills Limited,2025-11-18T00:00:00.000Z,True,https://sarmaaya-images.s3.amazonaws.com/company_logos/ANTM.svg,37.05,-1.12,-2.93,2025-11-18 23:32:28.155278
APL,Attock Petroleum Limited,2025-11-18T00:00:00.000Z,True,https://sarmaaya-images.s3.amazonaws.com/company_logos/attock-petroleum.svg,532.02,-0.05,-0.01,2025-11-18 23:32:28.155278
ARCTM,Arctic Textile Mills Limited,2025-11-18T00:00:00.000Z,True,https://sarmaaya-images.s3.amazonaws.com/company_logos/ARCTM.svg,29.89,-0.11,-0.37,2025-11-18 23:32:28.155278
ARPAK,Arpak International Investments Ltd.,2025-11-13T00:00:00.000Z,False,https://sarmaaya-images.s3.amazonaws.com/company_logos/ARPAK.svg,63.25,0.0,0.0,2025-11-18 23:32:28.155278
ARPL,Archroma Pakistan Limited,2025-11-18T00:00:00.000Z,True,https://sarmaaya-images.s3.amazonaws.com/company_logos/archroma-pakistan.svg,426.96,1.07,0.25,2025-11-18 23:32:28.155278
ARUJ,Aruj Industries Limited,2025-11-18T00:00:00.000Z,False,https://sarmaaya-images.s3.amazonaws.com/company_logos/ARUJ.svg,14.21,-0.69,-4.63,2025-11-18 23:32:28.155278
ASC,Al Shaheer Corporation Limited,2025-11-18T00:00:00.000Z,False,https://sarmaaya-images.s3.amazonaws.com/company_logos/ASC.svg,14.98,0.02,0.13,2025-11-18 23:32:28.155278
ASHT,Ashfaq Textile Mills Limited,2025-11-17T00:00:00.000Z,True,https://sarmaaya-images.s3.amazonaws.com/company_logos/ASHT.svg,21.99,0.28,1.29,2025-11-18 23:32:28.155278
ASIC,Asia Insurance Company Limited,2025-11-14T00:00:00.000Z,False,https://sarmaaya-images.s3.amazonaws.com/company_logos/ASIC.svg,14.0,0.0,0.0,2025-11-18 23:32:28.155278
ASL,Aisha Steel Mills Limited,2025-11-18T00:00:00.000Z,True,https://sarmaaya-images.s3.amazonaws.com/company_logos/aisha-steel-mills.svg,13.19,0.17,1.31,2025-11-18 23:32:28.155278
ASLCPS,Aisha Steel Convt (Pref) Right,2025-11-18T00:00:00.000Z,False,https://sarmaaya-images.s3.amazonaws.com/company_logos/ASLCPS.svg,168.3,-18.7,-10.0,2025-11-18 23:32:28.155278
ASLPS,Aisha Steel Convertible (Pref),2025-11-18T00:00:00.000Z,False,https://sarmaaya-images.s3.amazonaws.com/company_logos/ASLPS.svg,23.35,1.35,6.14,2025-11-18 23:32:28.155278
ASTL,Amreli Steels Limited,2025-11-18T00:00:00.000Z,False,https://sarmaaya-images.s3.amazonaws.com/company_logos/amreli-steels.svg,23.23,0.32,1.4,2025-11-18 23:32:28.155278
ASTM,Asim Textile Mills Limited,2025-11-18T00:00:00.000Z,True,https://sarmaaya-images.s3.amazonaws.com/company_logos/ASTM.svg,20.2,-0.01,-0.05,2025-11-18 23:32:28.155278
ATBA,Atlas Battery Limited,2025-11-18T00:00:00.000Z,True,https://sarmaaya-images.s3.amazonaws.com/company_logos/atlas-honda.svg,238.54,0.03,0.01,2025-11-18 23:32:28.155278
ATIL,Atlas Insurance Limited,2025-11-18T00:00:00.000Z,False,https://sarmaaya-images.s3.amazonaws.com/company_logos/atlas-honda.svg,76.93,1.51,2.0,2025-11-18 23:32:28.155278
ATLH,Atlas Honda Limited,2025-11-18T00:00:00.000Z,False,https://sarmaaya-images.s3.amazonaws.com/company_logos/atlas-honda.svg,1486.16,-2.26,-0.15,2025-11-18 23:32:28.155278
ATRL,Attock Refinery Limited,2025-11-18T00:00:00.000Z,True,https://sarmaaya-images.s3.amazonaws.com/company_logos/attock-refinery.svg,682.6,4.86,0.72,2025-11-18 23:32:28.155278
AVN,Avanceon Limited,2025-11-18T00:00:00.000Z,True,https://sarmaaya-images.s3.amazonaws.com/company_logos/avanceon.svg,43.95,0.26,0.6,2025-11-18 23:32:28.155278
AWTX,Allawasaya Tex. & Finishing Mills Ltd,2025-11-03T00:00:00.000Z,True,https://sarmaaya-images.s3.amazonaws.com/company_logos/allawasaya-textile-and-finishing-mills.svg,1409.56,0.0,0.0,2025-11-18 23:32:28.155278
BAFL,Bank Alfalah Limited,2025-11-18T00:00:00.000Z,False,https://sarmaaya-images.s3.amazonaws.com/company_logos/alfalah-consumer-etf.svg,103.07,-0.81,-0.78,2025-11-18 23:32:28.155278
BAFS,Baba Farid Sugar Mills Limited,2025-11-18T00:00:00.000Z,False,https://sarmaaya-images.s3.amazonaws.com/company_logos/baba-farid-sugar-mills.svg,248.17,1.17,0.47,2025-11-18 23:32:28.155278
BAHL,Bank AL Habib Limited,2025-11-18T00:00:00.000Z,False,https://sarmaaya-images.s3.amazonaws.com/company_logos/bank-al-habib.svg,181.13,-2.59,-1.41,2025-11-18 23:32:28.155278
BAPL,Bawany Air Products Limited,2025-11-18T00:00:00.000Z,False,https://sarmaaya-images.s3.amazonaws.com/company_logos/BAPL.svg,40.62,-2.21,-5.16,2025-11-18 23:32:28.155278
BATA,Bata Pakistan Limited,2025-11-18T00:00:00.000Z,True,https://sarmaaya-images.s3.amazonaws.com/company_logos/bata.svg,1219.47,-1.95,-0.16,2025-11-18 23:32:28.155278
BBFL,Big Bird Foods Limited,2025-11-18T00:00:00.000Z,True,https://sarmaaya-images.s3.amazonaws.com/company_logos/BBFL.svg,48.51,0.11,0.23,2025-11-18 23:32:28.155278
BCL,Bolan Castings Limited,2025-11-18T00:00:00.000Z,True,https://sarmaaya-images.s3.amazonaws.com/company_logos/bolan-castings.svg,90.77,-0.3,-0.33,2025-11-18 23:32:28.155278
BECO,Beco Steel Limited,2025-11-18T00:00:00.000Z,True,https://sarmaaya-images.s3.amazonaws.com/company_logos/BECO.svg,8.18,0.04,0.49,2025-11-18 23:32:28.155278
BELA,Bela Automotives Limited,2025-11-18T00:00:00.000Z,False,https://sarmaaya-images.s3.amazonaws.com/company_logos/BELA.svg,104.18,-1.92,-1.81,2025-11-18 23:32:28.155278
BERG,Berger Paints Pakistan Limited,2025-11-18T00:00:00.000Z,True,https://sarmaaya-images.s3.amazonaws.com/company_logos/berger-paints-pakistan.svg,100.39,0.39,0.39,2025-11-18 23:32:28.155278
BFAGRO,Barkat Frisian Agro Limited,2025-11-18T00:00:00.000Z,True,https://sarmaaya-images.s3.amazonaws.com/company_logos/BFAGRO.svg,40.02,1.34,3.46,2025-11-18 23:32:28.155278
BFBIO,BF Biosciences Limited,2025-11-18T00:00:00.000Z,True,https://sarmaaya-images.s3.amazonaws.com/company_logos/BFBIO.svg,152.48,-1.09,-0.71,2025-11-18 23:32:28.155278
BFMOD,B.F. Modaraba,2025-11-18T00:00:00.000Z,True,https://sarmaaya-images.s3.amazonaws.com/company_logos/BFMOD.svg,25.45,2.22,9.56,2025-11-18 23:32:28.155278
BGL,Baluchistan Glass Limited,2025-11-18T00:00:00.000Z,True,https://sarmaaya-images.s3.amazonaws.com/company_logos/balochistan-glass.svg,13.23,-0.18,-1.34,2025-11-18 23:32:28.155278
BHAT,Bhanero Textile Mills Limited,2025-11-18T00:00:00.000Z,False,https://sarmaaya-images.s3.amazonaws.com/company_logos/faisal-spinning-mills.svg,871.44,-1.56,-0.18,2025-11-18 23:32:28.155278
BIFO,Biafo Industries Limited,2025-11-18T00:00:00.000Z,True,https://sarmaaya-images.s3.amazonaws.com/company_logos/biafo-industries.svg,172.23,-1.01,-0.58,2025-11-18 23:32:28.155278
BIPL,BankIslami Pakistan Limited,2025-11-18T00:00:00.000Z,True,https://sarmaaya-images.s3.amazonaws.com/company_logos/bankislami-pakistan.svg,31.07,-0.25,-0.8,2025-11-18 23:32:28.155278
BML,Bank Makramah Limited,2025-11-18T00:00:00.000Z,False,https://sarmaaya-images.s3.amazonaws.com/company_logos/BML.svg,5.99,0.27,4.72,2025-11-18 23:32:28.155278
BNL,Bunnys Limited,2025-11-18T00:00:00.000Z,True,https://sarmaaya-images.s3.amazonaws.com/company_logos/bunnys.svg,131.99,12.0,10.0,2025-11-18 23:32:28.155278
BNWM,Bannu Woollen Mills Limited,2025-11-18T00:00:00.000Z,True,https://sarmaaya-images.s3.amazonaws.com/company_logos/bannu-woollen-mills.svg,64.33,-2.45,-3.67,2025-11-18 23:32:28.155278
BOK,The Bank of Khyber,2025-11-18T00:00:00.000Z,False,https://sarmaaya-images.s3.amazonaws.com/company_logos/bank-of-khyber.svg,33.75,-0.26,-0.76,2025-11-18 23:32:28.155278
BOP,The Bank of Punjab,2025-11-18T00:00:00.000Z,False,https://sarmaaya-images.s3.amazonaws.com/company_logos/bank-of-punjab.svg,34.17,-0.63,-1.81,2025-11-18 23:32:28.155278
BPL,Burshane LPG (Pakistan) Limited,2025-11-18T00:00:00.000Z,True,https://sarmaaya-images.s3.amazonaws.com/company_logos/BPL.svg,31.69,0.94,3.06,2025-11-18 23:32:28.155278
BRRG,B.R.R Guardian Limited,2025-11-18T00:00:00.000Z,True,https://sarmaaya-images.s3.amazonaws.com/company_logos/BRRG.svg,39.77,1.25,3.25,2025-11-18 23:32:28.155278
BTL,Blessed Textiles Limited,2025-11-18T00:00:00.000Z,True,https://sarmaaya-images.s3.amazonaws.com/company_logos/faisal-spinning-mills.svg,338.8,0.0,0.0,2025-11-18 23:32:28.155278
BUXL,Buxly Paints Limited,2025-11-18T00:00:00.000Z,True,https://sarmaaya-images.s3.amazonaws.com/company_logos/buxly-paints.svg,148.64,3.65,2.52,2025-11-18 23:32:28.155278
BWCL,Bestway Cement Limited,2025-11-18T00:00:00.000Z,True,https://sarmaaya-images.s3.amazonaws.com/company_logos/bestway-cement-co.svg,548.81,-0.34,-0.06,2025-11-18 23:32:28.155278
BWHL,Baluchistan Wheels Limited,2025-11-18T00:00:00.000Z,True,https://sarmaaya-images.s3.amazonaws.com/company_logos/baluchistan-wheels.svg,178.9,-0.65,-0.36,2025-11-18 23:32:28.155278
CASH,Calcorp Limited,2025-11-18T00:00:00.000Z,False,https://sarmaaya-images.s3.amazonaws.com/company_logos/CASH.svg,48.7,4.09,9.17,2025-11-18 23:32:28.155278
CCM,Crescent Cotton Mills Limited,2025-11-18T00:00:00.000Z,True,https://sarmaaya-images.s3.amazonaws.com/company_logos/crescent-cotton-mills.svg,57.09,5.06,9.73,2025-11-18 23:32:28.155278
CENI,Century Insurance Company Limited,2025-11-18T00:00:00.000Z,False,https://sarmaaya-images.s3.amazonaws.com/company_logos/century-insurance-co.svg,56.76,0.0,0.0,2025-11-18 23:32:28.155278
CEPB,Century Paper & Board Mills Limited,2025-11-18T00:00:00.000Z,True,https://sarmaaya-images.s3.amazonaws.com/company_logos/century-paper-and-board-mills.svg,35.0,1.23,3.64,2025-11-18 23:32:28.155278
CFL,Crescent Fibres Limited,2025-11-14T00:00:00.000Z,True,https://sarmaaya-images.s3.amazonaws.com/company_logos/crescent-fibres.svg,64.41,0.0,0.0,2025-11-18 23:32:28.155278
CHAS,Chashma Sugar Mills Limited,2025-11-18T00:00:00.000Z,False,https://sarmaaya-images.s3.amazonaws.com/company_logos/chashma-sugar-mills.svg,70.0,0.0,0.0,2025-11-18 23:32:28.155278
CHBL,Chenab Limited,2025-11-18T00:00:00.000Z,False,https://sarmaaya-images.s3.amazonaws.com/company_logos/CHBL.svg,12.77,-0.1,-0.78,2025-11-18 23:32:28.155278
CHCC,Cherat Cement Company Limited,2025-11-18T00:00:00.000Z,True,https://sarmaaya-images.s3.amazonaws.com/company_logos/cherat-cement-co.svg,318.26,-3.4,-1.06,2025-11-18 23:32:28.155278
CJPL,Crescent Jute Products Limited,2025-11-18T00:00:00.000Z,False,https://sarmaaya-images.s3.amazonaws.com/company_logos/CJPL.svg,30.18,0.02,0.07,2025-11-18 23:32:28.155278
CLCPS,Chenab Limited (Pref),2025-11-18T00:00:00.000Z,False,https://sarmaaya-images.s3.amazonaws.com/company_logos/CLCPS.svg,3.36,-0.13,-3.73,2025-11-18 23:32:28.155278
CLOV,Clover Pakistan Limited,2025-11-18T00:00:00.000Z,True,https://sarmaaya-images.s3.amazonaws.com/company_logos/clover-pakistan.svg,37.3,0.3,0.81,2025-11-18 23:32:28.155278
CLVL,Cordoba Logistics & Ventures Limited,2025-11-18T00:00:00.000Z,True,https://sarmaaya-images.s3.amazonaws.com/company_logos/cordoba-logistics-and-ventures.svg,17.18,0.45,2.69,2025-11-18 23:32:28.155278
CNERGY,Cnergyico PK  Limited,2025-11-18T00:00:00.000Z,True,https://sarmaaya-images.s3.amazonaws.com/company_logos/CNERGY.svg,7.96,0.12,1.53,2025-11-18 23:32:28.155278
COLG,Colgate-Palmolive (Pakistan) Limited,2025-11-18T00:00:00.000Z,False,https://sarmaaya-images.s3.amazonaws.com/company_logos/colgate-palmolive.svg,1270.91,-2.66,-0.21,2025-11-18 23:32:28.155278
CPHL,Citi Pharma Ltd.,2025-11-18T00:00:00.000Z,True,https://sarmaaya-images.s3.amazonaws.com/company_logos/CPHL.svg,81.96,0.08,0.1,2025-11-18 23:32:28.155278
CPPL,Cherat Packaging Limited,2025-11-18T00:00:00.000Z,True,https://sarmaaya-images.s3.amazonaws.com/company_logos/cherat-packaging.svg,100.37,-0.29,-0.29,2025-11-18 23:32:28.155278
CRTM,The Crescent Textile Mills Limited,2025-11-18T00:00:00.000Z,True,https://sarmaaya-images.s3.amazonaws.com/company_logos/the-crescent-textile-mills.svg,23.79,0.14,0.59,2025-11-18 23:32:28.155278
CSAP,Crescent Steel & Allied Products Limited,2025-11-18T00:00:00.000Z,False,https://sarmaaya-images.s3.amazonaws.com/company_logos/crescent-steel-and-allied-products.svg,98.64,-0.56,-0.56,2025-11-18 23:32:28.155278
CSIL,Crescent Star Insurance Limited,2025-11-18T00:00:00.000Z,False,https://sarmaaya-images.s3.amazonaws.com/company_logos/CSIL.svg,5.14,0.09,1.78,2025-11-18 23:32:28.155278
CTM,Colony Textile Mills Limited,2025-11-18T00:00:00.000Z,True,https://sarmaaya-images.s3.amazonaws.com/company_logos/colony-textile-mills.svg,6.38,-0.13,-2.0,2025-11-18 23:32:28.155278
CWSM,Chakwal Spinning Mills Limited,2025-11-18T00:00:00.000Z,False,https://sarmaaya-images.s3.amazonaws.com/company_logos/CWSM.svg,38.67,0.09,0.23,2025-11-18 23:32:28.155278
CYAN,Cyan Limited,2025-11-18T00:00:00.000Z,False,https://sarmaaya-images.s3.amazonaws.com/company_logos/cyan.svg,49.7,0.18,0.36,2025-11-18 23:32:28.155278
DAAG,Data Agro Limited,2025-11-18T00:00:00.000Z,True,https://sarmaaya-images.s3.amazonaws.com/company_logos/DAAG.svg,92.4,0.15,0.16,2025-11-18 23:32:28.155278
DADX,Dadex Eternit Limited,2025-11-18T00:00:00.000Z,True,https://sarmaaya-images.s3.amazonaws.com/company_logos/dadex-eternit.svg,60.99,2.93,5.05,2025-11-18 23:32:28.155278
DBCI,Dadabhoy Cement Industries Limited,2025-11-18T00:00:00.000Z,False,https://sarmaaya-images.s3.amazonaws.com/company_logos/DBCI.svg,6.95,0.02,0.29,2025-11-18 23:32:28.155278
DCL,Dewan Cement Limited,2025-11-18T00:00:00.000Z,True,https://sarmaaya-images.s3.amazonaws.com/company_logos/dewan-cement.svg,12.89,-0.03,-0.23,2025-11-18 23:32:28.155278
DCR,Dolmen City REIT,2025-11-18T00:00:00.000Z,True,https://sarmaaya-images.s3.amazonaws.com/company_logos/DCR.svg,32.02,-0.11,-0.34,2025-11-18 23:32:28.155278
DEL,Dawood Equities Limited,2025-11-18T00:00:00.000Z,False,https://sarmaaya-images.s3.amazonaws.com/company_logos/DEL.svg,27.56,-3.06,-9.99,2025-11-18 23:32:28.155278
DFML,Dewan Farooque Motors Limited,2025-11-18T00:00:00.000Z,False,https://sarmaaya-images.s3.amazonaws.com/company_logos/dewan-farooque-motors.svg,27.67,-1.08,-3.76,2025-11-18 23:32:28.155278
DFSM,Dewan Farooque Spinning Mills Limited,2025-11-18T00:00:00.000Z,True,https://sarmaaya-images.s3.amazonaws.com/company_logos/DFSM.svg,5.41,-0.04,-0.73,2025-11-18 23:32:28.155278
DGKC,D.G. Khan Cement Company Limited,2025-11-18T00:00:00.000Z,True,https://sarmaaya-images.s3.amazonaws.com/company_logos/dg-khan-cement-company.svg,223.77,2.22,1.0,2025-11-18 23:32:28.155278
DHPL,DH Partners Limited,2025-11-18T00:00:00.000Z,False,,52.17,-1.01,-1.9,2025-11-18 23:32:28.155278
DIIL,Diamond Industries Limited,2025-11-17T00:00:00.000Z,False,https://sarmaaya-images.s3.amazonaws.com/company_logos/DIIL.svg,54.41,0.0,0.0,2025-11-18 23:32:28.155278
DINT,Din Textile Mills Limited,2025-11-17T00:00:00.000Z,True,https://sarmaaya-images.s3.amazonaws.com/company_logos/din-textile-mills.svg,70.0,0.0,0.0,2025-11-18 23:32:28.155278
DLL,Dawood Lawrencepur Limited,2025-11-18T00:00:00.000Z,True,https://sarmaaya-images.s3.amazonaws.com/company_logos/dawood-lawrencepur.svg,452.06,-12.01,-2.59,2025-11-18 23:32:28.155278
DMC,D.M. Corporation Limited.,2025-11-18T00:00:00.000Z,False,,247.3,0.0,0.0,2025-11-18 23:32:28.155278
DMTM,Dewan Mushtaq Textile Mills Limited,2025-11-14T00:00:00.000Z,False,,8.56,-0.18,-1.93,2025-11-18 23:32:28.155278
DNCC,Dandot Cement Company Limited,2025-11-18T00:00:00.000Z,False,https://sarmaaya-images.s3.amazonaws.com/company_logos/DNCC.svg,19.98,-0.08,-0.4,2025-11-18 23:32:28.155278
DOL,Descon Oxychem Limited,2025-11-18T00:00:00.000Z,True,https://sarmaaya-images.s3.amazonaws.com/company_logos/descon-oxychem.svg,31.91,-0.54,-1.66,2025-11-18 23:32:28.155278
DSIL,D.S. Industries Limited,2025-11-18T00:00:00.000Z,False,https://sarmaaya-images.s3.amazonaws.com/company_logos/DSIL.svg,12.11,-0.19,-1.55,2025-11-18 23:32:28.155278
DSL,Dost Steels Limited,2025-11-18T00:00:00.000Z,False,https://sarmaaya-images.s3.amazonaws.com/company_logos/DSL.svg,8.03,0.45,5.94,2025-11-18 23:32:28.155278
DWAE,Dewan Automotive Engineering Limited,2025-11-18T00:00:00.000Z,False,https://sarmaaya-images.s3.amazonaws.com/company_logos/DWAE.svg,27.01,0.4,1.5,2025-11-18 23:32:28.155278
DWSM,Dewan Sugar Mills Limited,2025-11-18T00:00:00.000Z,False,https://sarmaaya-images.s3.amazonaws.com/company_logos/DWSM.svg,7.52,-0.23,-2.97,2025-11-18 23:32:28.155278
DWTM,Dewan Textile Mills Limited,2025-11-18T00:00:00.000Z,False,https://sarmaaya-images.s3.amazonaws.com/company_logos/DWTM.svg,6.14,-0.18,-2.85,2025-11-18 23:32:28.155278
DYNO,Dynea Pakistan Limited,2025-11-18T00:00:00.000Z,True,https://sarmaaya-images.s3.amazonaws.com/company_logos/dynea-pakistan-co.svg,271.25,-0.3,-0.11,2025-11-18 23:32:28.155278
ECOP,Ecopack Limited,2025-11-18T00:00:00.000Z,True,https://sarmaaya-images.s3.amazonaws.com/company_logos/ecopack.svg,58.26,-0.91,-1.54,2025-11-18 23:32:28.155278
EFERT,Engro Fertilizers Limited,2025-11-18T00:00:00.000Z,True,https://sarmaaya-images.s3.amazonaws.com/company_logos/engro-powergen-qadirpur.svg,212.68,-1.4,-0.65,2025-11-18 23:32:28.155278
EFUG,EFU General Insurance Limited,2025-11-18T00:00:00.000Z,False,https://sarmaaya-images.s3.amazonaws.com/company_logos/efu-general-insurance.svg,124.85,-0.15,-0.12,2025-11-18 23:32:28.155278
EFUL,EFU Life Assurance Limited,2025-11-18T00:00:00.000Z,False,https://sarmaaya-images.s3.amazonaws.com/company_logos/efu-life-assurance.svg,155.63,0.0,0.0,2025-11-18 23:32:28.155278
ELCM,Elahi Cotton Mills Limited,2025-11-18T00:00:00.000Z,True,https://sarmaaya-images.s3.amazonaws.com/company_logos/elahi-cotton-mills.svg,217.68,19.79,10.0,2025-11-18 23:32:28.155278
ELSM,Ellcot Spinning Mills Limited,2025-11-18T00:00:00.000Z,False,https://sarmaaya-images.s3.amazonaws.com/company_logos/ellcot-spinning-mills.svg,130.0,10.0,8.33,2025-11-18 23:32:28.155278
EMCO,Emco Industries Limited,2025-11-18T00:00:00.000Z,True,https://sarmaaya-images.s3.amazonaws.com/company_logos/EMCO.svg,74.54,6.78,10.01,2025-11-18 23:32:28.155278
ENGROH,Engro Holdings Limited,2025-11-18T00:00:00.000Z,True,https://sarmaaya-images.s3.amazonaws.com/company_logos/ENGROH.svg,214.57,-4.06,-1.86,2025-11-18 23:32:28.155278
EPCL,Engro Polymer & Chemicals Limited,2025-11-18T00:00:00.000Z,True,https://sarmaaya-images.s3.amazonaws.com/company_logos/engro-polymer-and-chemicals.svg,29.13,-0.3,-1.02,2025-11-18 23:32:28.155278
EPCLPS,Engro Poly(Pref),2025-11-18T00:00:00.000Z,False,https://sarmaaya-images.s3.amazonaws.com/company_logos/EPCLPS.svg,12.0,0.67,5.91,2025-11-18 23:32:28.155278
EPQL,Engro Powergen Qadirpur Limited,2025-11-18T00:00:00.000Z,False,https://sarmaaya-images.s3.amazonaws.com/company_logos/engro-powergen-qadirpur.svg,29.35,0.19,0.65,2025-11-18 23:32:28.155278
ESBL,Escorts Investment Bank Limited,2025-11-18T00:00:00.000Z,False,https://sarmaaya-images.s3.amazonaws.com/company_logos/ESBL.svg,9.83,-0.1,-1.01,2025-11-18 23:32:28.155278
EWIC,East West Insurance Company Limited,2025-11-05T00:00:00.000Z,False,https://sarmaaya-images.s3.amazonaws.com/company_logos/east-west-insurance-co.svg,52.08,0.0,0.0,2025-11-18 23:32:28.155278
EXIDE,Exide Pakistan Limited,2025-11-18T00:00:00.000Z,True,https://sarmaaya-images.s3.amazonaws.com/company_logos/exide-pakistan.svg,633.37,-0.97,-0.15,2025-11-18 23:32:28.155278
FABL,Faysal Bank Limited,2025-11-18T00:00:00.000Z,True,https://sarmaaya-images.s3.amazonaws.com/company_logos/faysal-bank.svg,84.02,-0.86,-1.01,2025-11-18 23:32:28.155278
FANM,First Al-Noor Modaraba,2025-11-18T00:00:00.000Z,True,https://sarmaaya-images.s3.amazonaws.com/company_logos/FANM.svg,8.04,0.2,2.55,2025-11-18 23:32:28.155278
FASM,Faisal Spinning Mills Limited,2025-11-18T00:00:00.000Z,False,https://sarmaaya-images.s3.amazonaws.com/company_logos/faisal-spinning-mills.svg,284.21,-10.61,-3.6,2025-11-18 23:32:28.155278
FATIMA,Fatima Fertilizer Company Limited,2025-11-18T00:00:00.000Z,True,https://sarmaaya-images.s3.amazonaws.com/company_logos/fatima-fertilizer-company.svg,131.79,-3.02,-2.24,2025-11-18 23:32:28.155278
FCCL,Fauji Cement Company Limited,2025-11-18T00:00:00.000Z,True,https://sarmaaya-images.s3.amazonaws.com/company_logos/fauji-cement-co.svg,53.23,-0.46,-0.86,2025-11-18 23:32:28.155278
FCEL,First Capital Equities Limited,2025-11-18T00:00:00.000Z,False,https://sarmaaya-images.s3.amazonaws.com/company_logos/FCEL.svg,6.15,0.02,0.33,2025-11-18 23:32:28.155278
FCEPL,Frieslandcampina Engro Pakistan Limited,2025-11-18T00:00:00.000Z,True,https://sarmaaya-images.s3.amazonaws.com/company_logos/frieslandcampina-engro-pakistan.svg,85.02,-0.69,-0.81,2025-11-18 23:32:28.155278
FCIBL,First Credit and Investment Bank Limited,2025-11-18T00:00:00.000Z,False,https://sarmaaya-images.s3.amazonaws.com/company_logos/FCIBL.svg,15.81,1.44,10.02,2025-11-18 23:32:28.155278
FCL,Fast Cables Limited,2025-11-18T00:00:00.000Z,True,https://sarmaaya-images.s3.amazonaws.com/company_logos/FCL.svg,24.16,-0.98,-3.9,2025-11-18 23:32:28.155278
FCSC,First Capital Securities Corporation,2025-11-18T00:00:00.000Z,False,https://sarmaaya-images.s3.amazonaws.com/company_logos/pace-pakistan.svg,7.5,-0.13,-1.7,2025-11-18 23:32:28.155278
FDPL,First Dawood Properties Limited,2025-11-18T00:00:00.000Z,False,https://sarmaaya-images.s3.amazonaws.com/company_logos/FDPL.svg,7.5,0.03,0.4,2025-11-18 23:32:28.155278
FECM,First Elite Capital Modaraba,2025-11-18T00:00:00.000Z,True,https://sarmaaya-images.s3.amazonaws.com/company_logos/FECM.svg,25.46,1.05,4.3,2025-11-18 23:32:28.155278
FECTC,Fecto Cement Limited,2025-11-18T00:00:00.000Z,True,https://sarmaaya-images.s3.amazonaws.com/company_logos/fecto-cement.svg,171.16,-19.02,-10.0,2025-11-18 23:32:28.155278
FEM,First Equity Modaraba,2025-11-18T00:00:00.000Z,True,https://sarmaaya-images.s3.amazonaws.com/company_logos/FEM.svg,11.39,-0.17,-1.47,2025-11-18 23:32:28.155278
FEROZ,Ferozsons Laboratories Limited,2025-11-18T00:00:00.000Z,True,https://sarmaaya-images.s3.amazonaws.com/company_logos/ferozsons-laboratories.svg,399.23,-1.11,-0.28,2025-11-18 23:32:28.155278
FFC,Fauji Fertilizer Company Limited,2025-11-18T00:00:00.000Z,False,https://sarmaaya-images.s3.amazonaws.com/company_logos/fauji-fertilizer-co.svg,536.44,-0.06,-0.01,2025-11-18 23:32:28.155278
FFL,Fauji Foods Limited,2025-11-18T00:00:00.000Z,True,https://sarmaaya-images.s3.amazonaws.com/company_logos/fauji-foods.svg,18.75,-0.06,-0.32,2025-11-18 23:32:28.155278
FFLM,First Fidelity Leasing Modaraba,2025-11-18T00:00:00.000Z,True,https://sarmaaya-images.s3.amazonaws.com/company_logos/FFLM.svg,13.79,-0.54,-3.77,2025-11-18 23:32:28.155278
FHAM,First Habib Modaraba,2025-11-18T00:00:00.000Z,True,https://sarmaaya-images.s3.amazonaws.com/company_logos/first-habib-modaraba.svg,35.0,-0.04,-0.11,2025-11-18 23:32:28.155278
FIBLM,First IBL Modaraba,2025-11-18T00:00:00.000Z,True,https://sarmaaya-images.s3.amazonaws.com/company_logos/first-ibl-modaraba.svg,11.93,-0.37,-3.01,2025-11-18 23:32:28.155278
FIL,Fateh Industries Limited,2025-11-18T00:00:00.000Z,False,https://sarmaaya-images.s3.amazonaws.com/company_logos/FIL.svg,171.66,0.0,0.0,2025-11-18 23:32:28.155278
FIMM,First Imrooz Modaraba,2025-11-18T00:00:00.000Z,True,https://sarmaaya-images.s3.amazonaws.com/company_logos/FIMM.svg,278.75,0.0,0.0,2025-11-18 23:32:28.155278
FLYNG,Flying Cement Company Limited,2025-11-18T00:00:00.000Z,True,https://sarmaaya-images.s3.amazonaws.com/company_logos/flying-cement-co.svg,54.85,-0.52,-0.94,2025-11-18 23:32:28.155278
FML,Feroze1888 Mills Limited,2025-11-18T00:00:00.000Z,True,https://sarmaaya-images.s3.amazonaws.com/company_logos/feroze1888-mills.svg,69.01,0.01,0.01,2025-11-18 23:32:28.155278
FNEL,First National Equities Limited,2025-11-18T00:00:00.000Z,False,https://sarmaaya-images.s3.amazonaws.com/company_logos/first-national-equities.svg,23.29,0.1,0.43,2025-11-18 23:32:28.155278
FPJM,First Punjab Modaraba,2025-11-18T00:00:00.000Z,True,https://sarmaaya-images.s3.amazonaws.com/company_logos/first-punjab-modaraba-services-pvt.svg,9.21,-0.17,-1.81,2025-11-18 23:32:28.155278
FPRM,First Paramount Modaraba,2025-11-18T00:00:00.000Z,True,https://sarmaaya-images.s3.amazonaws.com/company_logos/FPRM.svg,13.75,0.0,0.0,2025-11-18 23:32:28.155278
FRCL,Frontier Ceramics Limited,2025-11-18T00:00:00.000Z,True,https://sarmaaya-images.s3.amazonaws.com/company_logos/FRCL.svg,94.73,8.61,10.0,2025-11-18 23:32:28.155278
FRSM,Faran Sugar Mills Limited,2025-11-18T00:00:00.000Z,True,https://sarmaaya-images.s3.amazonaws.com/company_logos/faran-sugar-mills.svg,55.4,-0.1,-0.18,2025-11-18 23:32:28.155278
FSWL,Fateh Sports Wear Limited,2025-11-18T00:00:00.000Z,False,https://sarmaaya-images.s3.amazonaws.com/company_logos/FSWL.svg,111.01,0.0,0.0,2025-11-18 23:32:28.155278
FTMM,First Treet Manufacturing Modaraba,2025-11-18T00:00:00.000Z,True,https://sarmaaya-images.s3.amazonaws.com/company_logos/FTMM.svg,17.27,-0.38,-2.15,2025-11-18 23:32:28.155278
FTSM,First Tri-Star Modaraba,2025-11-18T00:00:00.000Z,True,https://sarmaaya-images.s3.amazonaws.com/company_logos/FTSM.svg,12.79,-0.16,-1.24,2025-11-18 23:32:28.155278
FZCM,Fazal Cloth Mills Limited,2025-11-18T00:00:00.000Z,True,https://sarmaaya-images.s3.amazonaws.com/company_logos/fazal-cloth-mills.svg,221.79,-0.3,-0.14,2025-11-18 23:32:28.155278
GADT,Gadoon Textile Mills Limited,2025-11-18T00:00:00.000Z,False,https://sarmaaya-images.s3.amazonaws.com/company_logos/gadoon-textile-mills.svg,344.44,-18.56,-5.11,2025-11-18 23:32:28.155278
GAL,Ghandhara Automobiles Limited,2025-11-18T00:00:00.000Z,True,https://sarmaaya-images.s3.amazonaws.com/company_logos/GAL.svg,560.45,-0.97,-0.17,2025-11-18 23:32:28.155278
GAMON,Gammon Pakistan Limited,2025-11-18T00:00:00.000Z,True,https://sarmaaya-images.s3.amazonaws.com/company_logos/gammon-pakistan.svg,24.54,0.03,0.12,2025-11-18 23:32:28.155278
GATI,Gatron (Industries) Limited,2025-11-18T00:00:00.000Z,True,https://sarmaaya-images.s3.amazonaws.com/company_logos/gatron-industries.svg,109.63,-1.71,-1.54,2025-11-18 23:32:28.155278
GATM,Gul Ahmed Textile Mills Limited,2025-11-18T00:00:00.000Z,True,https://sarmaaya-images.s3.amazonaws.com/company_logos/gul-ahmed-textile-mills.svg,27.69,1.06,3.98,2025-11-18 23:32:28.155278
GCIL,Ghani Chemical Industries Limited,2025-11-18T00:00:00.000Z,True,https://sarmaaya-images.s3.amazonaws.com/company_logos/GCIL.svg,34.58,1.42,4.28,2025-11-18 23:32:28.155278
GCWL,Ghani Chemworld Limited,2025-11-18T00:00:00.000Z,False,,18.27,0.23,1.27,2025-11-18 23:32:28.155278
GEMBCEM,Burj Clean Energy Modaraba(GEM),2025-11-14T00:00:00.000Z,True,https://sarmaaya-images.s3.amazonaws.com/company_logos/GEMBCEM.svg,12.0,0.5,4.35,2025-11-18 23:32:28.155278
GEMBLUEX,Blue-Ex Limited (GEM),2025-11-18T00:00:00.000Z,True,https://sarmaaya-images.s3.amazonaws.com/company_logos/GEMBLUEX.svg,89.79,0.0,0.0,2025-11-18 23:32:28.155278
GEMMEL,Mughal Energy Limited(GEM),2025-11-18T00:00:00.000Z,True,https://sarmaaya-images.s3.amazonaws.com/company_logos/GEMMEL.svg,25.95,0.0,0.0,2025-11-18 23:32:28.155278
GEMNETS,Nets International Communication Limited,2025-11-17T00:00:00.000Z,False,,40.0,0.0,0.0,2025-11-18 23:32:28.155278
GEMPACRA,The Pakistan Credit Rating Agency Ltd,2025-11-18T00:00:00.000Z,False,,24.63,0.43,1.78,2025-11-18 23:32:28.155278
GEMPAPL,Pak Agro Packaging Limited(GEM),2025-11-18T00:00:00.000Z,True,https://sarmaaya-images.s3.amazonaws.com/company_logos/GEMPAPL.svg,11.33,-0.87,-7.13,2025-11-18 23:32:28.155278
GEMSPNL,Supernet Limited,2025-11-18T00:00:00.000Z,True,https://sarmaaya-images.s3.amazonaws.com/company_logos/GEMSPNL.svg,64.83,1.63,2.58,2025-11-18 23:32:28.155278
GFIL,Ghazi Fabrics International Limited,2025-11-18T00:00:00.000Z,True,https://sarmaaya-images.s3.amazonaws.com/company_logos/GFIL.svg,14.6,-0.14,-0.95,2025-11-18 23:32:28.155278
GGGL,Ghani Global Glass Limited,2025-11-18T00:00:00.000Z,True,https://sarmaaya-images.s3.amazonaws.com/company_logos/ghani-global-glass.svg,10.2,0.14,1.39,2025-11-18 23:32:28.155278
GGL,Ghani Global Holdings Limited,2025-11-18T00:00:00.000Z,True,https://sarmaaya-images.s3.amazonaws.com/company_logos/ghani-global-glass.svg,24.99,0.2,0.81,2025-11-18 23:32:28.155278
GHGL,Ghani Glass Limited,2025-11-18T00:00:00.000Z,True,https://sarmaaya-images.s3.amazonaws.com/company_logos/ghani-glass.svg,33.97,-0.16,-0.47,2025-11-18 23:32:28.155278
GHNI,Ghandhara Industries Limited,2025-11-18T00:00:00.000Z,True,https://sarmaaya-images.s3.amazonaws.com/company_logos/ghandhara-nissan.svg,788.19,-7.18,-0.9,2025-11-18 23:32:28.155278
GLAXO,GlaxoSmithKline Pakistan Limited,2025-11-18T00:00:00.000Z,True,https://sarmaaya-images.s3.amazonaws.com/company_logos/glaxosmithkline-pakistan.svg,388.26,-1.88,-0.48,2025-11-18 23:32:28.155278
GLPL,Gillette Pakistan Limited,2025-11-18T00:00:00.000Z,True,https://sarmaaya-images.s3.amazonaws.com/company_logos/gillette-india.svg,331.37,-33.45,-9.17,2025-11-18 23:32:28.155278
GOC,GOC (Pak) Limited.,2025-11-18T00:00:00.000Z,True,https://sarmaaya-images.s3.amazonaws.com/company_logos/goc-pak.svg,118.0,0.0,0.0,2025-11-18 23:32:28.155278
GRR,Globe Residency REIT,2025-11-18T00:00:00.000Z,False,https://sarmaaya-images.s3.amazonaws.com/company_logos/GRR.svg,20.35,-0.03,-0.15,2025-11-18 23:32:28.155278
GRYL,Grays Leasing Limited,2025-11-18T00:00:00.000Z,False,https://sarmaaya-images.s3.amazonaws.com/company_logos/GRYL.svg,26.48,0.1,0.38,2025-11-18 23:32:28.155278
GSPM,Gulshan Spinning Mills Limited,2025-11-18T00:00:00.000Z,False,https://sarmaaya-images.s3.amazonaws.com/company_logos/GSPM.svg,5.6,0.25,4.67,2025-11-18 23:32:28.155278
GTYR,Ghandhara Tyre & Rubber Company Limited,2025-11-18T00:00:00.000Z,True,https://sarmaaya-images.s3.amazonaws.com/company_logos/ghandhara-tyre-and-rubber-co.svg,38.13,-0.06,-0.16,2025-11-18 23:32:28.155278
GUSM,Gulistan Spinning Mills Limited,2025-11-18T00:00:00.000Z,False,https://sarmaaya-images.s3.amazonaws.com/company_logos/GUSM.svg,9.0,0.21,2.39,2025-11-18 23:32:28.155278
GVGL,Ghani Value Glass Limited,2025-11-18T00:00:00.000Z,True,https://sarmaaya-images.s3.amazonaws.com/company_logos/ghani-value-glass.svg,57.5,0.84,1.48,2025-11-18 23:32:28.155278
GWLC,Gharibwal Cement Limited,2025-11-18T00:00:00.000Z,True,https://sarmaaya-images.s3.amazonaws.com/company_logos/gharibwal-cement.svg,67.24,2.37,3.65,2025-11-18 23:32:28.155278
HABSM,Habib Sugar Mills Limited,2025-11-18T00:00:00.000Z,False,https://sarmaaya-images.s3.amazonaws.com/company_logos/habib-sugar-mills.svg,83.6,-0.31,-0.37,2025-11-18 23:32:28.155278
HAEL,Hala Enterprises Limited,2025-11-18T00:00:00.000Z,True,https://sarmaaya-images.s3.amazonaws.com/company_logos/HAEL.svg,21.21,-0.15,-0.7,2025-11-18 23:32:28.155278
HAFL,Hafiz Limited,2025-11-18T00:00:00.000Z,True,https://sarmaaya-images.s3.amazonaws.com/company_logos/HAFL.svg,326.77,0.0,0.0,2025-11-18 23:32:28.155278
HALEON,Haleon Pakistan Limited,2025-11-18T00:00:00.000Z,True,https://sarmaaya-images.s3.amazonaws.com/company_logos/HALEON.svg,813.95,-7.51,-0.91,2025-11-18 23:32:28.155278
HASCOL,Hascol Petroleum Limited,2025-11-18T00:00:00.000Z,False,https://sarmaaya-images.s3.amazonaws.com/company_logos/HASCOL.svg,14.55,-0.03,-0.21,2025-11-18 23:32:28.155278
HBL,Habib Bank Limited,2025-11-18T00:00:00.000Z,False,https://sarmaaya-images.s3.amazonaws.com/company_logos/habib-bank.svg,286.8,-0.66,-0.23,2025-11-18 23:32:28.155278
HBLTETF,HBL Total Treasury ETF,2025-11-18T00:00:00.000Z,False,https://sarmaaya-images.s3.amazonaws.com/company_logos/HBLTETF.svg,107.4,0.0,0.0,2025-11-18 23:32:28.155278
HCAR,Honda Atlas Cars (Pakistan) Limited,2025-11-18T00:00:00.000Z,True,https://sarmaaya-images.s3.amazonaws.com/company_logos/honda.svg,284.02,-0.87,-0.31,2025-11-18 23:32:28.155278
HGFA,HBL Growth Fund,2025-11-18T00:00:00.000Z,False,https://sarmaaya-images.s3.amazonaws.com/company_logos/HGFA.svg,17.5,0.18,1.04,2025-11-18 23:32:28.155278
HICL,Habib Insurance Company Limited,2025-11-18T00:00:00.000Z,False,https://sarmaaya-images.s3.amazonaws.com/company_logos/HICL.svg,12.81,0.41,3.31,2025-11-18 23:32:28.155278
HIFA,HBL Investment Fund,2025-11-18T00:00:00.000Z,False,https://sarmaaya-images.s3.amazonaws.com/company_logos/HIFA.svg,6.22,0.0,0.0,2025-11-18 23:32:28.155278
HINO,Hinopak Motors Limited,2025-11-18T00:00:00.000Z,True,https://sarmaaya-images.s3.amazonaws.com/company_logos/hinopak-motors.svg,509.05,-0.95,-0.19,2025-11-18 23:32:28.155278
HINOON,Highnoon Laboratories Limited,2025-11-18T00:00:00.000Z,True,https://sarmaaya-images.s3.amazonaws.com/company_logos/highnoon-laboratories.svg,1116.02,-3.99,-0.36,2025-11-18 23:32:28.155278
HIRAT,Hira Textile Mills Limited,2025-11-18T00:00:00.000Z,False,https://sarmaaya-images.s3.amazonaws.com/company_logos/HIRAT.svg,5.27,-0.1,-1.86,2025-11-18 23:32:28.155278
HMB,Habib Metropolitan Bank Limited,2025-11-18T00:00:00.000Z,False,https://sarmaaya-images.s3.amazonaws.com/company_logos/habib-metropolitan-bank.svg,112.08,-0.11,-0.1,2025-11-18 23:32:28.155278
HPL,Hoechst Pakistan Limited,2025-11-18T00:00:00.000Z,True,https://sarmaaya-images.s3.amazonaws.com/company_logos/HPL.svg,4214.41,35.48,0.85,2025-11-18 23:32:28.155278
HRPL,Habib Rice Product Limited.,2025-11-18T00:00:00.000Z,True,https://sarmaaya-images.s3.amazonaws.com/company_logos/habib-rice-products.svg,25.82,0.0,0.0,2025-11-18 23:32:28.155278
HTL,Hi-Tech Lubricants Limited,2025-11-18T00:00:00.000Z,True,https://sarmaaya-images.s3.amazonaws.com/company_logos/HTL.svg,50.92,-0.92,-1.77,2025-11-18 23:32:28.155278
HUBC,The Hub Power Company Limited,2025-11-18T00:00:00.000Z,True,https://sarmaaya-images.s3.amazonaws.com/company_logos/hub-power-co.svg,210.93,-1.17,-0.55,2025-11-18 23:32:28.155278
HUMNL,Hum Network Limited,2025-11-18T00:00:00.000Z,False,https://sarmaaya-images.s3.amazonaws.com/company_logos/hum-network.svg,15.23,0.04,0.26,2025-11-18 23:32:28.155278
HUSI,Husein Industries Limited,2025-11-18T00:00:00.000Z,False,https://sarmaaya-images.s3.amazonaws.com/company_logos/HUSI.svg,25.07,-0.47,-1.84,2025-11-18 23:32:28.155278
HWQS,Haseeb Waqas Sugar Mills Limited,2025-11-18T00:00:00.000Z,False,https://sarmaaya-images.s3.amazonaws.com/company_logos/HWQS.svg,23.08,-1.03,-4.27,2025-11-18 23:32:28.155278
IBFL,Ibrahim Fibres Limited,2025-11-17T00:00:00.000Z,True,https://sarmaaya-images.s3.amazonaws.com/company_logos/ibrahim-fibres.svg,267.54,0.0,0.0,2025-11-18 23:32:28.155278
IBLHL,IBL HealthCare Limited,2025-11-18T00:00:00.000Z,True,https://sarmaaya-images.s3.amazonaws.com/company_logos/ibl-healthcare.svg,73.36,6.67,10.0,2025-11-18 23:32:28.155278
ICCI,ICC Industries Limited,2025-11-18T00:00:00.000Z,True,https://sarmaaya-images.s3.amazonaws.com/company_logos/ICCI.svg,15.5,-0.46,-2.88,2025-11-18 23:32:28.155278
ICIBL,Invest Capital Investment Bank Limited,2025-11-18T00:00:00.000Z,False,https://sarmaaya-images.s3.amazonaws.com/company_logos/ICIBL.svg,6.37,-0.05,-0.78,2025-11-18 23:32:28.155278
ICL,Ittehad Chemicals Limted,2025-11-18T00:00:00.000Z,True,https://sarmaaya-images.s3.amazonaws.com/company_logos/ittehad-chemicals.svg,154.16,-4.88,-3.07,2025-11-18 23:32:28.155278
IDRT,Idrees Textile Mills Limited,2025-11-18T00:00:00.000Z,True,https://sarmaaya-images.s3.amazonaws.com/company_logos/IDRT.svg,21.46,-0.3,-1.38,2025-11-18 23:32:28.155278
IDSM,Ideal Spinning Mills Limited,2025-11-18T00:00:00.000Z,True,https://sarmaaya-images.s3.amazonaws.com/company_logos/IDSM.svg,27.0,0.0,0.0,2025-11-18 23:32:28.155278
IDYM,Indus Dyeing & Manufacturing Co. Limited,2025-11-18T00:00:00.000Z,False,https://sarmaaya-images.s3.amazonaws.com/company_logos/indus-dyeing-and-manufacturing-co.svg,162.0,-1.76,-1.07,2025-11-18 23:32:28.155278
IGIHL,IGI Holdings Limited,2025-11-18T00:00:00.000Z,False,https://sarmaaya-images.s3.amazonaws.com/company_logos/igi-holdings.svg,303.97,-2.16,-0.71,2025-11-18 23:32:28.155278
IGIL,IGI Life Insurance Limited,2025-11-17T00:00:00.000Z,False,https://sarmaaya-images.s3.amazonaws.com/company_logos/igi-life-insurance.svg,20.35,0.27,1.35,2025-11-18 23:32:28.155278
ILP,Interloop Limited,2025-11-18T00:00:00.000Z,True,https://sarmaaya-images.s3.amazonaws.com/company_logos/interloop.svg,76.89,0.52,0.68,2025-11-18 23:32:28.155278
IMAGE,Image Pakistan Limited,2025-11-18T00:00:00.000Z,True,https://sarmaaya-images.s3.amazonaws.com/company_logos/image-pakistan.svg,23.42,-0.28,-1.18,2025-11-18 23:32:28.155278
IML,Imperial  Limited,2025-11-18T00:00:00.000Z,False,https://sarmaaya-images.s3.amazonaws.com/company_logos/imperial.svg,26.34,0.03,0.11,2025-11-18 23:32:28.155278
IMS,Intermarket Securities Limited,2025-11-18T00:00:00.000Z,False,https://sarmaaya-images.s3.amazonaws.com/company_logos/IMS.svg,22.26,-0.3,-1.33,2025-11-18 23:32:28.155278
INDU,Indus Motor Company Limited,2025-11-18T00:00:00.000Z,False,https://sarmaaya-images.s3.amazonaws.com/company_logos/toyota.svg,2022.3,-6.61,-0.33,2025-11-18 23:32:28.155278
INIL,International Industries Limited,2025-11-18T00:00:00.000Z,True,https://sarmaaya-images.s3.amazonaws.com/company_logos/international-industries.svg,187.05,-2.75,-1.45,2025-11-18 23:32:28.155278
INKL,International Knitwear Limited,2025-11-18T00:00:00.000Z,True,https://sarmaaya-images.s3.amazonaws.com/company_logos/INKL.svg,90.11,3.24,3.73,2025-11-18 23:32:28.155278
IPAK,International Packaging Films Limited,2025-11-18T00:00:00.000Z,True,https://sarmaaya-images.s3.amazonaws.com/company_logos/IPAK.svg,24.56,-0.24,-0.97,2025-11-18 23:32:28.155278
IREIT,Image Reit,2025-11-18T00:00:00.000Z,True,,9.98,-0.03,-0.3,2025-11-18 23:32:28.155278
ISIL,Ismail Industries Limited,2025-11-18T00:00:00.000Z,False,https://sarmaaya-images.s3.amazonaws.com/company_logos/ismail-industries.svg,2007.26,32.11,1.63,2025-11-18 23:32:28.155278
ISL,International Steels Limited,2025-11-18T00:00:00.000Z,True,https://sarmaaya-images.s3.amazonaws.com/company_logos/international-steels.svg,88.61,-0.87,-0.97,2025-11-18 23:32:28.155278
ITTEFAQ,Ittefaq Iron Industries Limited,2025-11-18T00:00:00.000Z,True,https://sarmaaya-images.s3.amazonaws.com/company_logos/ITTEFAQ.svg,10.09,0.96,10.52,2025-11-18 23:32:28.155278
JATM,J.A. Textile Mills Limited,2025-11-18T00:00:00.000Z,False,https://sarmaaya-images.s3.amazonaws.com/company_logos/JATM.svg,22.23,-0.27,-1.2,2025-11-18 23:32:28.155278
JDMT,Janana De Malucho Textile Mills Limited,2025-11-18T00:00:00.000Z,True,https://sarmaaya-images.s3.amazonaws.com/company_logos/JDMT.svg,121.04,-1.32,-1.08,2025-11-18 23:32:28.155278
JDWS,JDW Sugar Mills Limited,2025-11-18T00:00:00.000Z,True,https://sarmaaya-images.s3.amazonaws.com/company_logos/jdw-sugar-mills.svg,808.85,1.82,0.23,2025-11-18 23:32:28.155278
JGICL,Jubilee General Insurance Limited,2025-11-18T00:00:00.000Z,False,https://sarmaaya-images.s3.amazonaws.com/company_logos/jubilee-holdings.svg,81.41,-0.54,-0.66,2025-11-18 23:32:28.155278
JKSM,J.K. Spinning Mills Limited,2025-11-18T00:00:00.000Z,False,https://sarmaaya-images.s3.amazonaws.com/company_logos/jk-spinning-mills.svg,188.33,0.0,0.0,2025-11-18 23:32:28.155278
JLICL,Jubilee Life Insurance Company Limited,2025-11-18T00:00:00.000Z,False,https://sarmaaya-images.s3.amazonaws.com/company_logos/jubilee-life-insurance-company.svg,172.0,0.0,0.0,2025-11-18 23:32:28.155278
JSBL,JS Bank Limited,2025-11-18T00:00:00.000Z,False,https://sarmaaya-images.s3.amazonaws.com/company_logos/js-bank.svg,19.41,0.31,1.62,2025-11-18 23:32:28.155278
JSCL,Jahangir Siddiqui & Co. Ltd.,2025-11-18T00:00:00.000Z,False,https://sarmaaya-images.s3.amazonaws.com/company_logos/js-bank.svg,24.04,0.01,0.04,2025-11-18 23:32:28.155278
JSCLPSA,Jahangir Sidd(Pref),2025-11-18T00:00:00.000Z,False,https://sarmaaya-images.s3.amazonaws.com/company_logos/JSCLPSA.svg,9.86,0.06,0.61,2025-11-18 23:32:28.155278
JSGBETF,JS Global Banking Sector(ETF),2025-11-18T00:00:00.000Z,False,https://sarmaaya-images.s3.amazonaws.com/company_logos/JSGBETF.svg,41.0,-0.5,-1.21,2025-11-18 23:32:28.155278
JSGCL,JS Global Capital Limited,2025-11-18T00:00:00.000Z,False,https://sarmaaya-images.s3.amazonaws.com/company_logos/js-momentum-factor-etf.svg,149.0,0.0,0.0,2025-11-18 23:32:28.155278
JSIL,JS Investments Limited,2025-11-18T00:00:00.000Z,False,https://sarmaaya-images.s3.amazonaws.com/company_logos/js-bank.svg,41.51,-1.94,-4.47,2025-11-18 23:32:28.155278
JSMFETF,JS Momentum Factor Exchange Traded Fund,2025-11-18T00:00:00.000Z,False,https://sarmaaya-images.s3.amazonaws.com/company_logos/js-bank.svg,11.93,-0.08,-0.67,2025-11-18 23:32:28.155278
JSML,Jauharabad Sugar Mills Limited,2025-11-18T00:00:00.000Z,True,https://sarmaaya-images.s3.amazonaws.com/company_logos/jauharabad-sugar-mills.svg,56.28,-1.21,-2.11,2025-11-18 23:32:28.155278
JUBS,Jubilee Spinning & Weaving Mills Ltd.,2025-11-18T00:00:00.000Z,False,https://sarmaaya-images.s3.amazonaws.com/company_logos/JUBS.svg,22.0,-0.6,-2.66,2025-11-18 23:32:28.155278
JVDC,Javedan Corporation Limited,2025-11-18T00:00:00.000Z,True,https://sarmaaya-images.s3.amazonaws.com/company_logos/javedan-oration.svg,73.36,-0.12,-0.16,2025-11-18 23:32:28.155278
KAPCO,Kot Addu Power Company Limited,2025-11-18T00:00:00.000Z,False,https://sarmaaya-images.s3.amazonaws.com/company_logos/kot-addu-power-co.svg,30.22,0.14,0.46,2025-11-18 23:32:28.155278
KCL,Karam Ceramics Limited,2025-11-18T00:00:00.000Z,True,https://sarmaaya-images.s3.amazonaws.com/company_logos/KCL.svg,175.73,0.0,0.0,2025-11-18 23:32:28.155278
KEL,K-Electric Limited,2025-11-18T00:00:00.000Z,True,https://sarmaaya-images.s3.amazonaws.com/company_logos/k-electric.svg,5.64,-0.16,-2.76,2025-11-18 23:32:28.155278
KHTC,Khyber Tobacco Company Limited,2025-11-18T00:00:00.000Z,False,https://sarmaaya-images.s3.amazonaws.com/company_logos/khyber-tobacco-co.svg,420.8,29.69,7.59,2025-11-18 23:32:28.155278
KHYT,Khyber Textile Mills Limited,2025-11-18T00:00:00.000Z,True,https://sarmaaya-images.s3.amazonaws.com/company_logos/KHYT.svg,1766.82,-143.18,-7.5,2025-11-18 23:32:28.155278
KML,Kohinoor Mills Limited,2025-11-18T00:00:00.000Z,True,https://sarmaaya-images.s3.amazonaws.com/company_logos/kohinoor-mills.svg,16.66,1.2,7.76,2025-11-18 23:32:28.155278
KOHC,Kohat Cement Company Limited,2025-11-18T00:00:00.000Z,False,https://sarmaaya-images.s3.amazonaws.com/company_logos/kohat-cement-co.svg,100.7,-2.85,-2.75,2025-11-18 23:32:28.155278
KOHE,Kohinoor Energy Limited,2025-11-18T00:00:00.000Z,True,https://sarmaaya-images.s3.amazonaws.com/company_logos/kohinoor-energy.svg,17.51,0.01,0.06,2025-11-18 23:32:28.155278
KOHP,Kohinoor Power Company Limited,2025-11-18T00:00:00.000Z,False,https://sarmaaya-images.s3.amazonaws.com/company_logos/KOHP.svg,45.83,2.9,6.76,2025-11-18 23:32:28.155278
KOHTM,Kohat Textile Mills Limited,2025-11-18T00:00:00.000Z,True,https://sarmaaya-images.s3.amazonaws.com/company_logos/saif-textile-mills.svg,58.7,0.06,0.1,2025-11-18 23:32:28.155278
KOIL,Kohinoor Industries Limited,2025-11-18T00:00:00.000Z,False,https://sarmaaya-images.s3.amazonaws.com/company_logos/kohinoor-industries.svg,54.68,-6.08,-10.01,2025-11-18 23:32:28.155278
KOSM,Kohinoor Spinning Mills Limited,2025-11-18T00:00:00.000Z,False,https://sarmaaya-images.s3.amazonaws.com/company_logos/kohinoor-mills.svg,7.03,-0.17,-2.36,2025-11-18 23:32:28.155278
KPUS,Khairpur Sugar Mills Limited,2025-11-18T00:00:00.000Z,True,https://sarmaaya-images.s3.amazonaws.com/company_logos/khairpur-sugar-mills.svg,135.74,-13.3,-8.92,2025-11-18 23:32:28.155278
KSBP,KSB Pumps Company Limited,2025-11-18T00:00:00.000Z,True,https://sarmaaya-images.s3.amazonaws.com/company_logos/ksb-ag-vorzug.svg,225.63,4.14,1.87,2025-11-18 23:32:28.155278
KSTM,Khalid Siraj Textile Mills Limited,2025-11-18T00:00:00.000Z,False,https://sarmaaya-images.s3.amazonaws.com/company_logos/KSTM.svg,9.75,-0.02,-0.21,2025-11-18 23:32:28.155278
KTML,Kohinoor Textile Mills Limited,2025-11-18T00:00:00.000Z,False,https://sarmaaya-images.s3.amazonaws.com/company_logos/kohinoor-textiles-mills.svg,62.48,-5.96,-8.71,2025-11-18 23:32:28.155278
LCI,Lucky Core Industries Limited,2025-11-18T00:00:00.000Z,True,https://sarmaaya-images.s3.amazonaws.com/company_logos/LCI.svg,304.56,-0.94,-0.31,2025-11-18 23:32:28.155278
LEUL,Leather Up Limited,2025-11-18T00:00:00.000Z,True,https://sarmaaya-images.s3.amazonaws.com/company_logos/LEUL.svg,47.01,-1.82,-3.73,2025-11-18 23:32:28.155278
LIVEN,Liven Pharma Limited,2025-11-18T00:00:00.000Z,True,,60.56,2.72,4.7,2025-11-18 23:32:28.155278
LOADS,Loads Limited,2025-11-18T00:00:00.000Z,False,https://sarmaaya-images.s3.amazonaws.com/company_logos/loads.svg,18.38,-0.23,-1.24,2025-11-18 23:32:28.155278
LOTCHEM,Lotte Chemical Pakistan Limited,2025-11-18T00:00:00.000Z,True,https://sarmaaya-images.s3.amazonaws.com/company_logos/lotte-chemical.svg,27.29,-0.53,-1.91,2025-11-18 23:32:28.155278
LPGL,Leiner Pak Gelatine Limited,2025-11-18T00:00:00.000Z,True,https://sarmaaya-images.s3.amazonaws.com/company_logos/LPGL.svg,93.86,1.65,1.79,2025-11-18 23:32:28.155278
LPL,Lalpir Power Limited,2025-11-18T00:00:00.000Z,False,https://sarmaaya-images.s3.amazonaws.com/company_logos/pakgen-power.svg,27.25,0.44,1.64,2025-11-18 23:32:28.155278
LSECL,LSE Capital Limited.,2025-11-18T00:00:00.000Z,False,https://sarmaaya-images.s3.amazonaws.com/company_logos/LSECL.svg,8.32,0.18,2.21,2025-11-18 23:32:28.155278
LSEFSL,LSE Financial Services Limited.,2025-11-18T00:00:00.000Z,False,https://sarmaaya-images.s3.amazonaws.com/company_logos/LSEFSL.svg,25.67,2.15,9.14,2025-11-18 23:32:28.155278
LSEVL,LSE Ventures Limited,2025-11-18T00:00:00.000Z,False,https://sarmaaya-images.s3.amazonaws.com/company_logos/LSEVL.svg,8.38,0.04,0.48,2025-11-18 23:32:28.155278
LUCK,Lucky Cement Limited,2025-11-18T00:00:00.000Z,True,https://sarmaaya-images.s3.amazonaws.com/company_logos/lucky-cement.svg,430.24,-2.39,-0.55,2025-11-18 23:32:28.155278
MACFL,MACPAC Films Limited,2025-11-18T00:00:00.000Z,True,https://sarmaaya-images.s3.amazonaws.com/company_logos/macpac-films.svg,24.37,-0.2,-0.81,2025-11-18 23:32:28.155278
MACTER,Macter International Limited,2025-11-18T00:00:00.000Z,True,https://sarmaaya-images.s3.amazonaws.com/company_logos/macter-international.svg,342.62,-6.04,-1.73,2025-11-18 23:32:28.155278
MARI,Mari Energies Limited,2025-11-18T00:00:00.000Z,True,https://sarmaaya-images.s3.amazonaws.com/company_logos/mari-petroleum-company.svg,688.95,-4.87,-0.7,2025-11-18 23:32:28.155278
MCB,MCB Bank Limited,2025-11-18T00:00:00.000Z,False,https://sarmaaya-images.s3.amazonaws.com/company_logos/mcb-bank.svg,347.43,-3.23,-0.92,2025-11-18 23:32:28.155278
MCBIM,MCB Investment Management Limited.,2025-11-18T00:00:00.000Z,False,https://sarmaaya-images.s3.amazonaws.com/company_logos/MCBIM.svg,208.04,0.0,0.0,2025-11-18 23:32:28.155278
MDTL,Media Times Limited,2025-11-18T00:00:00.000Z,False,https://sarmaaya-images.s3.amazonaws.com/company_logos/pace-pakistan.svg,4.74,0.0,0.0,2025-11-18 23:32:28.155278
MEBL,Meezan Bank Limited,2025-11-18T00:00:00.000Z,True,https://sarmaaya-images.s3.amazonaws.com/company_logos/meezan-pakistan-etf.svg,420.56,-6.28,-1.47,2025-11-18 23:32:28.155278
MEHT,Mehmood Textile Mills Limited,2025-11-18T00:00:00.000Z,False,https://sarmaaya-images.s3.amazonaws.com/company_logos/mahmood-textile-mills.svg,280.81,0.0,0.0,2025-11-18 23:32:28.155278
MERIT,Merit Packaging Limited,2025-11-18T00:00:00.000Z,True,https://sarmaaya-images.s3.amazonaws.com/company_logos/merit-packaging.svg,13.45,0.13,0.98,2025-11-18 23:32:28.155278
MFFL,Mitchells Fruit Farms Limited,2025-11-18T00:00:00.000Z,True,https://sarmaaya-images.s3.amazonaws.com/company_logos/MFFL.svg,195.32,0.16,0.08,2025-11-18 23:32:28.155278
MFL,Matco Foods Limited,2025-11-18T00:00:00.000Z,False,https://sarmaaya-images.s3.amazonaws.com/company_logos/matco-foods.svg,61.65,5.39,9.58,2025-11-18 23:32:28.155278
MIIETF,Mahaana Islamic Index ETF,2025-11-18T00:00:00.000Z,True,https://sarmaaya-images.s3.amazonaws.com/company_logos/MIIETF.svg,16.35,-0.04,-0.24,2025-11-18 23:32:28.155278
MIRKS,Mirpurkhas Sugar Mills Limited,2025-11-18T00:00:00.000Z,True,https://sarmaaya-images.s3.amazonaws.com/company_logos/mirpurkhas-sugar-mills.svg,40.26,-0.31,-0.76,2025-11-18 23:32:28.155278
MLCF,Maple Leaf Cement Factory Limited,2025-11-18T00:00:00.000Z,True,https://sarmaaya-images.s3.amazonaws.com/company_logos/maple-leaf-cement-factory.svg,101.14,-1.45,-1.41,2025-11-18 23:32:28.155278
MQTM,Maqbool Textile Mills Limited,2025-11-18T00:00:00.000Z,True,https://sarmaaya-images.s3.amazonaws.com/company_logos/maqbool-textile-mills.svg,28.0,0.0,0.0,2025-11-18 23:32:28.155278
MRNS,Mehran Sugar Mills Limited,2025-11-18T00:00:00.000Z,False,https://sarmaaya-images.s3.amazonaws.com/company_logos/mehran-sugar-mills.svg,74.29,-0.35,-0.47,2025-11-18 23:32:28.155278
MSCL,Metropolitan Steel Corporation Limited,2025-11-18T00:00:00.000Z,True,https://sarmaaya-images.s3.amazonaws.com/company_logos/MSCL.svg,14.03,0.78,5.89,2025-11-18 23:32:28.155278
MSOT,Masood Textile Mills Limited,2025-11-18T00:00:00.000Z,False,https://sarmaaya-images.s3.amazonaws.com/company_logos/masood-textile-mills.svg,49.87,1.94,4.05,2025-11-18 23:32:28.155278
MTL,Millat Tractors Limited,2025-11-18T00:00:00.000Z,True,https://sarmaaya-images.s3.amazonaws.com/company_logos/millat-tractors.svg,512.22,-1.71,-0.33,2025-11-18 23:32:28.155278
MUGHAL,Mughal Iron & Steel Industries Limited,2025-11-18T00:00:00.000Z,True,https://sarmaaya-images.s3.amazonaws.com/company_logos/mughal-iron-and-steel-industries.svg,85.82,2.46,2.95,2025-11-18 23:32:28.155278
MUGHALC,Mughal Iron & Steel Industries Ltd(C),2025-11-18T00:00:00.000Z,False,,48.5,-1.49,-2.98,2025-11-18 23:32:28.155278
MUREB,Murree Brewery Company Limited,2025-11-18T00:00:00.000Z,False,https://sarmaaya-images.s3.amazonaws.com/company_logos/murree-brewery.svg,1044.74,3.76,0.36,2025-11-18 23:32:28.155278
MWMP,Mandviwala Mauser Plastic Industries,2025-11-18T00:00:00.000Z,False,https://sarmaaya-images.s3.amazonaws.com/company_logos/MWMP.svg,128.87,-0.94,-0.72,2025-11-18 23:32:28.155278
MZNPETF,Meezan Pakistan ETF,2025-11-18T00:00:00.000Z,True,https://sarmaaya-images.s3.amazonaws.com/company_logos/MZNPETF.svg,19.4,-0.07,-0.36,2025-11-18 23:32:28.155278
NAGC,Nagina Cotton Mills Limited,2025-11-14T00:00:00.000Z,False,https://sarmaaya-images.s3.amazonaws.com/company_logos/prosperity-weaving-mills.svg,60.03,0.0,0.0,2025-11-18 23:32:28.155278
NATF,National Foods Limited,2025-11-18T00:00:00.000Z,True,https://sarmaaya-images.s3.amazonaws.com/company_logos/NATF.svg,385.95,-0.52,-0.14,2025-11-18 23:32:28.155278
NBP,National Bank of Pakistan,2025-11-18T00:00:00.000Z,False,https://sarmaaya-images.s3.amazonaws.com/company_logos/NBP.svg,215.83,-1.73,-0.8,2025-11-18 23:32:28.155278
NBPGETF,NBP Pakistan  Growth ETF,2025-11-18T00:00:00.000Z,False,https://sarmaaya-images.s3.amazonaws.com/company_logos/NBPGETF.svg,28.91,-0.09,-0.31,2025-11-18 23:32:28.155278
NCL,Nishat Chunian Limited,2025-11-18T00:00:00.000Z,False,https://sarmaaya-images.s3.amazonaws.com/company_logos/nishat-chunian-power.svg,42.91,-0.97,-2.21,2025-11-18 23:32:28.155278
NCML,Nazir Cotton Mills Limited,2025-11-18T00:00:00.000Z,False,https://sarmaaya-images.s3.amazonaws.com/company_logos/NCML.svg,14.65,-0.35,-2.33,2025-11-18 23:32:28.155278
NCPL,Nishat Chunian Power Limited,2025-11-18T00:00:00.000Z,False,https://sarmaaya-images.s3.amazonaws.com/company_logos/nishat-chunian-power.svg,25.55,-0.62,-2.37,2025-11-18 23:32:28.155278
NESTLE,Nestle Pakistan Limited,2025-11-18T00:00:00.000Z,True,https://sarmaaya-images.s3.amazonaws.com/company_logos/nestle.svg,7989.99,-8.38,-0.11,2025-11-18 23:32:28.155278
NETSOL,NetSol Technologies Limited,2025-11-18T00:00:00.000Z,True,https://sarmaaya-images.s3.amazonaws.com/company_logos/netsol-technologies.svg,129.08,-0.6,-0.46,2025-11-18 23:32:28.155278
NEXT,Next Capital Limited,2025-11-18T00:00:00.000Z,False,https://sarmaaya-images.s3.amazonaws.com/company_logos/NEXT.svg,11.95,0.25,2.14,2025-11-18 23:32:28.155278
NICL,Nimir Industrial Chemicals Limited,2025-11-18T00:00:00.000Z,False,https://sarmaaya-images.s3.amazonaws.com/company_logos/nimir-industrial-chemicals.svg,225.0,0.01,0.0,2025-11-18 23:32:28.155278
NITGETF,NIT Pakistan Gateway ETF,2025-11-18T00:00:00.000Z,False,https://sarmaaya-images.s3.amazonaws.com/company_logos/NITGETF.svg,34.05,-0.26,-0.76,2025-11-18 23:32:28.155278
NML,Nishat Mills Limited,2025-11-18T00:00:00.000Z,True,https://sarmaaya-images.s3.amazonaws.com/company_logos/nishat-mills.svg,143.57,-1.46,-1.01,2025-11-18 23:32:28.155278
NONS,Noon Sugar Mills Limited,2025-11-18T00:00:00.000Z,False,https://sarmaaya-images.s3.amazonaws.com/company_logos/noon-sugar-mills.svg,89.49,5.0,5.92,2025-11-18 23:32:28.155278
NPL,Nishat Power Limited,2025-11-18T00:00:00.000Z,False,https://sarmaaya-images.s3.amazonaws.com/company_logos/nishat-mills.svg,35.9,-0.36,-0.99,2025-11-18 23:32:28.155278
NRL,National Refinery Limited,2025-11-18T00:00:00.000Z,False,https://sarmaaya-images.s3.amazonaws.com/company_logos/national-refinery.svg,412.68,37.52,10.0,2025-11-18 23:32:28.155278
NRSL,Nimir Resins Limited,2025-11-18T00:00:00.000Z,True,https://sarmaaya-images.s3.amazonaws.com/company_logos/nimir-industrial-chemicals.svg,33.66,0.05,0.15,2025-11-18 23:32:28.155278
NSRM,The National Silk & Rayon Mills Limited,2025-11-18T00:00:00.000Z,True,https://sarmaaya-images.s3.amazonaws.com/company_logos/the-national-silk-and-rayon-mills.svg,91.56,0.0,0.0,2025-11-18 23:32:28.155278
OBOY,Oilboy Energy Limited,2025-11-18T00:00:00.000Z,True,https://sarmaaya-images.s3.amazonaws.com/company_logos/OBOY.svg,9.41,1.0,11.89,2025-11-18 23:32:28.155278
OCTOPUS,Octopus Digital Limited,2025-11-18T00:00:00.000Z,True,https://sarmaaya-images.s3.amazonaws.com/company_logos/OCTOPUS.svg,43.53,0.0,0.0,2025-11-18 23:32:28.155278
OGDC,Oil & Gas Development Company Limited,2025-11-18T00:00:00.000Z,True,https://sarmaaya-images.s3.amazonaws.com/company_logos/oil-and-gas-develop-gdr-reg-s.svg,245.42,-0.92,-0.37,2025-11-18 23:32:28.155278
OLPL,OLP Financial Services Pakistan Limited,2025-11-18T00:00:00.000Z,False,https://sarmaaya-images.s3.amazonaws.com/company_logos/olp-financial-services-pakistan.svg,47.84,0.03,0.06,2025-11-18 23:32:28.155278
OLPM,OLP Modaraba,2025-11-18T00:00:00.000Z,True,https://sarmaaya-images.s3.amazonaws.com/company_logos/OLPM.svg,20.99,0.93,4.64,2025-11-18 23:32:28.155278
OML,Olympia Mills Limited,2025-11-18T00:00:00.000Z,True,https://sarmaaya-images.s3.amazonaws.com/company_logos/OML.svg,41.5,-1.49,-3.47,2025-11-18 23:32:28.155278
ORM,Orient Rental Mod,2025-11-18T00:00:00.000Z,True,https://sarmaaya-images.s3.amazonaws.com/company_logos/ORM.svg,11.73,-0.11,-0.93,2025-11-18 23:32:28.155278
OTSU,Otsuka Pakistan Limited,2025-11-18T00:00:00.000Z,False,https://sarmaaya-images.s3.amazonaws.com/company_logos/otsuka-pakistan.svg,342.95,-4.31,-1.24,2025-11-18 23:32:28.155278
PABC,Pakistan Aluminium Beverage Cans Limited,2025-11-18T00:00:00.000Z,False,https://sarmaaya-images.s3.amazonaws.com/company_logos/pakistan-aluminium-beverage-cans.svg,132.29,-0.12,-0.09,2025-11-18 23:32:28.155278
PACE,Pace (Pakistan) Limited,2025-11-18T00:00:00.000Z,False,https://sarmaaya-images.s3.amazonaws.com/company_logos/pace-pakistan.svg,27.33,0.07,0.26,2025-11-18 23:32:28.155278
PAEL,Pak Elektron Limited,2025-11-18T00:00:00.000Z,True,https://sarmaaya-images.s3.amazonaws.com/company_logos/pak-elektron.svg,52.97,-0.29,-0.54,2025-11-18 23:32:28.155278
PAKD,Pak Datacom Limited,2025-11-18T00:00:00.000Z,True,https://sarmaaya-images.s3.amazonaws.com/company_logos/PAKD.svg,170.0,-0.06,-0.04,2025-11-18 23:32:28.155278
PAKL,Pak Leather Crafts Limited,2025-11-18T00:00:00.000Z,False,https://sarmaaya-images.s3.amazonaws.com/company_logos/PAKL.svg,40.0,-1.37,-3.31,2025-11-18 23:32:28.155278
PAKOXY,Pakistan Oxygen Limited,2025-11-18T00:00:00.000Z,True,https://sarmaaya-images.s3.amazonaws.com/company_logos/pakistan-oxygen.svg,311.63,-6.4,-2.01,2025-11-18 23:32:28.155278
PAKRI,Pakistan Reinsurance Company Limited,2025-11-18T00:00:00.000Z,False,https://sarmaaya-images.s3.amazonaws.com/company_logos/pakistan-reinsurance-co.svg,17.02,-0.02,-0.12,2025-11-18 23:32:28.155278
PAKT,Pakistan Tobacco Company Limited,2025-11-18T00:00:00.000Z,False,https://sarmaaya-images.s3.amazonaws.com/company_logos/pakistan-tobacco-co.svg,1570.3,0.3,0.02,2025-11-18 23:32:28.155278
PASL,Pervez Ahmed Consultancy Services Ltd.,2025-11-18T00:00:00.000Z,False,https://sarmaaya-images.s3.amazonaws.com/company_logos/PASL.svg,3.52,0.12,3.53,2025-11-18 23:32:28.155278
PASM,Paramount Spinning Mills Limited,2025-11-18T00:00:00.000Z,False,https://sarmaaya-images.s3.amazonaws.com/company_logos/PASM.svg,7.76,0.79,11.33,2025-11-18 23:32:28.155278
PCAL,Pakistan Cables Limited,2025-11-18T00:00:00.000Z,False,https://sarmaaya-images.s3.amazonaws.com/company_logos/pakistan-cables.svg,169.88,-1.25,-0.73,2025-11-18 23:32:28.155278
PECO,Pakistan Engineering Company Limited,2025-11-18T00:00:00.000Z,False,https://sarmaaya-images.s3.amazonaws.com/company_logos/PECO.svg,410.83,-9.44,-2.25,2025-11-18 23:32:28.155278
PGLC,Pak-Gulf Leasing Company Limited,2025-11-18T00:00:00.000Z,False,https://sarmaaya-images.s3.amazonaws.com/company_logos/PGLC.svg,15.12,-0.12,-0.79,2025-11-18 23:32:28.155278
PIAHCLA,PIA Holding Company Limited,2025-11-18T00:00:00.000Z,False,https://sarmaaya-images.s3.amazonaws.com/company_logos/PIAHCLA.svg,29.42,-0.3,-1.01,2025-11-18 23:32:28.155278
PIAHCLB,PIA Holding Company LimitedB,2025-11-18T00:00:00.000Z,False,https://sarmaaya-images.s3.amazonaws.com/company_logos/PIAHCLB.svg,24987.0,-13.0,-0.05,2025-11-18 23:32:28.155278
PIBTL,Pakistan International Bulk Terminal,2025-11-18T00:00:00.000Z,True,https://sarmaaya-images.s3.amazonaws.com/company_logos/pakistan-international-bulk-terminal.svg,15.5,0.34,2.24,2025-11-18 23:32:28.155278
PICT,Pakistan International Container,2025-11-18T00:00:00.000Z,False,https://sarmaaya-images.s3.amazonaws.com/company_logos/int-l-container-terminals.svg,42.0,0.1,0.24,2025-11-18 23:32:28.155278
PIL,PICIC Insurance Limited,2025-11-18T00:00:00.000Z,False,https://sarmaaya-images.s3.amazonaws.com/company_logos/PIL.svg,5.59,0.12,2.19,2025-11-18 23:32:28.155278
PIM,Popular Islamic Modaraba,2025-11-18T00:00:00.000Z,True,https://sarmaaya-images.s3.amazonaws.com/company_logos/PIM.svg,21.95,1.45,7.07,2025-11-18 23:32:28.155278
PINL,Premier Insurance Limited,2025-11-18T00:00:00.000Z,False,https://sarmaaya-images.s3.amazonaws.com/company_logos/premier-insurance-co-of-pakistan.svg,10.65,-0.54,-4.83,2025-11-18 23:32:28.155278
PIOC,Pioneer Cement Limited,2025-11-18T00:00:00.000Z,True,https://sarmaaya-images.s3.amazonaws.com/company_logos/pioneer-cement.svg,321.15,29.2,10.0,2025-11-18 23:32:28.155278
PKGI,The Pakistan General Insurance Co. Ltd.,2025-11-18T00:00:00.000Z,False,https://sarmaaya-images.s3.amazonaws.com/company_logos/PKGI.svg,13.73,-1.52,-9.97,2025-11-18 23:32:28.155278
PKGP,Pakgen Power Limited,2025-11-18T00:00:00.000Z,False,https://sarmaaya-images.s3.amazonaws.com/company_logos/pakgen-power.svg,68.0,1.56,2.35,2025-11-18 23:32:28.155278
PKGS,Packages Limited,2025-11-18T00:00:00.000Z,True,https://sarmaaya-images.s3.amazonaws.com/company_logos/packages.svg,728.54,-2.27,-0.31,2025-11-18 23:32:28.155278
PMRS,The Premier Sugar Mills,2025-11-18T00:00:00.000Z,False,https://sarmaaya-images.s3.amazonaws.com/company_logos/the-premier-sugar-mills-and-distillery-co.svg,321.81,0.0,0.0,2025-11-18 23:32:28.155278
PNSC,Pakistan National Shipping Corporation,2025-11-18T00:00:00.000Z,False,https://sarmaaya-images.s3.amazonaws.com/company_logos/PNSC.svg,441.01,0.01,0.0,2025-11-18 23:32:28.155278
POL,Pakistan Oilfields Limited,2025-11-18T00:00:00.000Z,False,https://sarmaaya-images.s3.amazonaws.com/company_logos/pakistan-oilfields.svg,625.08,11.91,1.94,2025-11-18 23:32:28.155278
POML,Punjab Oil Mills Limited,2025-11-18T00:00:00.000Z,True,https://sarmaaya-images.s3.amazonaws.com/company_logos/POML.svg,172.66,-0.46,-0.27,2025-11-18 23:32:28.155278
POWER,Power Cement Limited,2025-11-18T00:00:00.000Z,True,https://sarmaaya-images.s3.amazonaws.com/company_logos/power-cement.svg,18.0,0.0,0.0,2025-11-18 23:32:28.155278
POWERPS,Power Cement (Pref),2025-11-18T00:00:00.000Z,False,https://sarmaaya-images.s3.amazonaws.com/company_logos/POWERPS.svg,23.01,-1.24,-5.11,2025-11-18 23:32:28.155278
PPL,Pakistan Petroleum Limited,2025-11-18T00:00:00.000Z,True,https://sarmaaya-images.s3.amazonaws.com/company_logos/pakistan-petroleum.svg,193.39,-1.21,-0.62,2025-11-18 23:32:28.155278
PPP,Pakistan Paper Products Limited,2025-11-18T00:00:00.000Z,True,https://sarmaaya-images.s3.amazonaws.com/company_logos/pakistan-paper-product.svg,139.25,4.24,3.14,2025-11-18 23:32:28.155278
PPVC,Pakistan PVC Limited,2025-11-18T00:00:00.000Z,False,https://sarmaaya-images.s3.amazonaws.com/company_logos/PPVC.svg,17.73,1.41,8.64,2025-11-18 23:32:28.155278
PREMA,At-Tahur Limited,2025-11-18T00:00:00.000Z,True,https://sarmaaya-images.s3.amazonaws.com/company_logos/at-tahur.svg,39.64,0.55,1.41,2025-11-18 23:32:28.155278
PRET,Premium Textile Mills Limited,2025-11-14T00:00:00.000Z,False,https://sarmaaya-images.s3.amazonaws.com/company_logos/premium-textile-mills.svg,427.75,0.0,0.0,2025-11-18 23:32:28.155278
PRL,Pakistan Refinery Limited,2025-11-18T00:00:00.000Z,True,https://sarmaaya-images.s3.amazonaws.com/company_logos/pakistan-refinery.svg,36.93,0.54,1.48,2025-11-18 23:32:28.155278
PRWM,Prosperity Weaving Mills Limited,2025-11-17T00:00:00.000Z,False,https://sarmaaya-images.s3.amazonaws.com/company_logos/prosperity-weaving-mills.svg,49.99,1.73,3.59,2025-11-18 23:32:28.155278
PSEL,Pakistan Services Limited,2025-11-18T00:00:00.000Z,True,https://sarmaaya-images.s3.amazonaws.com/company_logos/pakistan-services.svg,1487.66,18.58,1.27,2025-11-18 23:32:28.155278
PSO,Pakistan State Oil Company Limited,2025-11-18T00:00:00.000Z,True,https://sarmaaya-images.s3.amazonaws.com/company_logos/pakistan-state-oil-co.svg,435.89,1.35,0.31,2025-11-18 23:32:28.155278
PSX,Pakistan Stock Exchange Limited,2025-11-18T00:00:00.000Z,False,https://sarmaaya-images.s3.amazonaws.com/company_logos/pakistan-stock-exchange.svg,41.75,-1.24,-2.88,2025-11-18 23:32:28.155278
PSYL,Pakistan Synthetics Limited,2025-11-18T00:00:00.000Z,True,https://sarmaaya-images.s3.amazonaws.com/company_logos/pakistan-synthetics.svg,60.19,0.0,0.0,2025-11-18 23:32:28.155278
PTC,Pakistan Telecommunication Company Ltd,2025-11-18T00:00:00.000Z,False,https://sarmaaya-images.s3.amazonaws.com/company_logos/pakistan-telecommunication-company.svg,36.77,0.75,2.08,2025-11-18 23:32:28.155278
PTL,Panther Tyres Ltd.,2025-11-18T00:00:00.000Z,False,https://sarmaaya-images.s3.amazonaws.com/company_logos/panther-tyres.svg,51.5,-0.02,-0.04,2025-11-18 23:32:28.155278
QUET,Quetta Textile Mills Limited,2025-11-18T00:00:00.000Z,False,https://sarmaaya-images.s3.amazonaws.com/company_logos/QUET.svg,17.71,-0.29,-1.61,2025-11-18 23:32:28.155278
QUICE,Quice Food Industries Limited,2025-11-18T00:00:00.000Z,True,https://sarmaaya-images.s3.amazonaws.com/company_logos/QUICE.svg,10.12,0.1,1.0,2025-11-18 23:32:28.155278
RCML,Reliance Cotton Spinning Mills Limited,2025-11-18T00:00:00.000Z,True,https://sarmaaya-images.s3.amazonaws.com/company_logos/reliance-cotton-spinning-mills.svg,517.88,14.88,2.96,2025-11-18 23:32:28.155278
REDCO,Redco Textiles Limited,2025-11-18T00:00:00.000Z,True,https://sarmaaya-images.s3.amazonaws.com/company_logos/REDCO.svg,23.31,2.12,10.01,2025-11-18 23:32:28.155278
REWM,Reliance Weaving Mills Limited,2025-11-18T00:00:00.000Z,False,https://sarmaaya-images.s3.amazonaws.com/company_logos/REWM.svg,184.49,-0.45,-0.24,2025-11-18 23:32:28.155278
RICL,Reliance Insurance Company Limited,2025-11-18T00:00:00.000Z,False,https://sarmaaya-images.s3.amazonaws.com/company_logos/RICL.svg,16.26,-0.74,-4.35,2025-11-18 23:32:28.155278
RMPL,Rafhan Maize Products Company Limited,2025-11-18T00:00:00.000Z,True,https://sarmaaya-images.s3.amazonaws.com/company_logos/rafhan-maize-products-co.svg,9459.98,62.09,0.66,2025-11-18 23:32:28.155278
RPL,Roshan Packages Limited,2025-11-18T00:00:00.000Z,True,https://sarmaaya-images.s3.amazonaws.com/company_logos/roshan-packages.svg,18.23,-0.08,-0.44,2025-11-18 23:32:28.155278
RUBY,Ruby Textile Mills Limited,2025-11-18T00:00:00.000Z,False,https://sarmaaya-images.s3.amazonaws.com/company_logos/RUBY.svg,12.39,-0.86,-6.49,2025-11-18 23:32:28.155278
RUPL,Rupali Polyester Limited,2025-11-17T00:00:00.000Z,True,https://sarmaaya-images.s3.amazonaws.com/company_logos/rupali-polyester.svg,37.0,0.16,0.43,2025-11-18 23:32:28.155278
SAIF,Saif Textile Mills Limited,2025-11-18T00:00:00.000Z,False,https://sarmaaya-images.s3.amazonaws.com/company_logos/saif-textile-mills.svg,24.96,1.94,8.43,2025-11-18 23:32:28.155278
SANSM,Sanghar Sugar Mills Limited,2025-11-18T00:00:00.000Z,True,https://sarmaaya-images.s3.amazonaws.com/company_logos/sanghar-sugar-mills.svg,64.78,2.12,3.38,2025-11-18 23:32:28.155278
SAPT,Sapphire Textile Mills Limited,2025-11-18T00:00:00.000Z,False,https://sarmaaya-images.s3.amazonaws.com/company_logos/sapphire-textile-mills.svg,1391.0,0.0,0.0,2025-11-18 23:32:28.155278
SARC,Sardar Chemical Industries Limited,2025-11-18T00:00:00.000Z,True,https://sarmaaya-images.s3.amazonaws.com/company_logos/SARC.svg,71.33,-4.87,-6.39,2025-11-18 23:32:28.155278
SASML,Sindh Abadgars Sugar Mills Limited,2025-11-18T00:00:00.000Z,True,https://sarmaaya-images.s3.amazonaws.com/company_logos/SASML.svg,176.37,0.0,0.0,2025-11-18 23:32:28.155278
SAZEW,Sazgar Engineering Works Limited,2025-11-18T00:00:00.000Z,True,https://sarmaaya-images.s3.amazonaws.com/company_logos/sazgar-engineering-works.svg,1712.88,-12.2,-0.71,2025-11-18 23:32:28.155278
